{"accuracy": [0.12600550055503845, 0.16264036297798157, 0.173682302236557, 0.17962083220481873, 0.1848945915699005, 0.18938878178596497, 0.19679944217205048, 0.20032887160778046], "loss": [5.999978065490723, 5.419410228729248, 5.209019184112549, 5.073302745819092, 4.970466613769531, 4.889382362365723, 4.769952774047852, 4.704563140869141], "val_accuracy": [0.15251865983009338, 0.16779384016990662, 0.17182502150535583, 0.17568963766098022, 0.1776052713394165, 0.17993736267089844, 0.18216951191425323, 0.18396854400634766], "val_loss": [5.700750350952148, 5.586429119110107, 5.577513217926025, 5.5941267013549805, 5.61488151550293, 5.633900165557861, 5.661054611206055, 5.703146934509277], "learning_rate": [0.0010000000474974513, 0.0010000000474974513, 0.0010000000474974513, 0.0010000000474974513, 0.0010000000474974513, 0.0010000000474974513, 0.0005000000237487257, 0.0005000000237487257]}