{"accuracy": [0.12312464416027069, 0.14985957741737366, 0.1605784296989441, 0.16804873943328857, 0.17322596907615662, 0.17855873703956604, 0.18184727430343628], "loss": [6.4287848472595215, 5.985871315002441, 5.7889251708984375, 5.61859130859375, 5.465087413787842, 5.3119707107543945, 5.22776460647583], "val_accuracy": [0.14337532222270966, 0.1511479616165161, 0.15824298560619354, 0.16115273535251617, 0.16374361515045166, 0.1642618030309677, 0.1643415242433548], "val_loss": [6.258026599884033, 6.1859049797058105, 6.212959289550781, 6.287801265716553, 6.3709716796875, 6.450490951538086, 6.587796688079834], "learning_rate": [0.0010000000474974513, 0.0010000000474974513, 0.0010000000474974513, 0.0010000000474974513, 0.0010000000474974513, 0.0005000000237487257, 0.0005000000237487257]}